Inverted,Yield,Error,Inverted
66Ti,7.99e-19,5.11e-19,66Ti
66V,1.42e-14,9.08e-15,66V
67V,2.75e-16,1.76e-16,67V
68V,1.6899999999999998e-17,1.0800000000000001e-17,68V
69V,2.82e-18,1.8e-18,69V
66Cr,1.71e-11,1.0900000000000001e-11,66Cr
67Cr,6.74e-12,4.309999999999999e-12,67Cr
68Cr,4.4799999999999996e-13,2.8699999999999994e-13,68Cr
69Cr,6.89e-14,4.41e-14,69Cr
70Cr,0.0,0.0,70Cr
71Cr,1.15e-17,7.380000000000001e-18,71Cr
66Mn,2.04e-09,1.31e-09,66Mn
67Mn,2.6800000000000003e-09,1.7199999999999999e-09,67Mn
68Mn,5.04e-10,3.23e-10,68Mn
69Mn,6.03e-11,3.86e-11,69Mn
70Mn,4.450000000000001e-12,2.8499999999999998e-12,70Mn
71Mn,2.2200000000000001e-13,1.42e-13,71Mn
72Mn,1.94e-15,1.24e-15,72Mn
73Mn,3.91e-16,2.5e-16,73Mn
74Mn,1.67e-17,1.07e-17,74Mn
66Fe,2.3799999999999998e-08,1.52e-08,66Fe
67Fe,7.67e-08,4.91e-08,67Fe
68Fe,4.35e-08,2.7799999999999997e-08,68Fe
69Fe,1.4499999999999999e-08,9.28e-09,69Fe
70Fe,3.5e-09,2.2399999999999997e-09,70Fe
71Fe,4.979999999999999e-10,3.19e-10,71Fe
72Fe,5.160000000000001e-11,3.3e-11,72Fe
73Fe,9.579999999999999e-12,6.129999999999999e-12,73Fe
74Fe,4.4299999999999993e-13,2.84e-13,74Fe
75Fe,7.0599999999999995e-15,4.52e-15,75Fe
76Fe,0.0,0.0,76Fe
77Fe,3.13e-16,2e-16,77Fe
66Co,3.63e-08,1.63e-08,66Co
67Co,1.95e-07,1.25e-07,67Co
68Co,2.05e-07,1.31e-07,68Co
69Co,1.73e-07,1.11e-07,69Co
70Co,1.0199999999999999e-07,6.530000000000001e-08,70Co
71Co,4.4100000000000004e-08,2.8199999999999998e-08,71Co
72Co,1.28e-08,8.190000000000001e-09,72Co
73Co,7.859999999999999e-09,5.03e-09,73Co
74Co,1.07e-09,6.85e-10,74Co
75Co,1.36e-10,8.7e-11,75Co
76Co,1.0800000000000001e-11,6.91e-12,76Co
77Co,6.02e-12,3.86e-12,77Co
78Co,5.92e-14,3.79e-14,78Co
79Co,1.39e-14,8.91e-15,79Co
66Ni,3.71e-08,1.1899999999999999e-08,66Ni
67Ni,2.1399999999999998e-07,9.630000000000001e-08,67Ni
68Ni,2.79e-07,1.26e-07,68Ni
69Ni,3.47e-07,2.22e-07,69Ni
70Ni,3.93e-07,2.52e-07,70Ni
71Ni,3.51e-07,2.25e-07,71Ni
72Ni,2.82e-07,1.8e-07,72Ni
73Ni,4.34e-07,2.7800000000000003e-07,73Ni
74Ni,1.91e-07,1.2199999999999998e-07,74Ni
75Ni,6.66e-08,4.26e-08,75Ni
76Ni,1.77e-08,1.1299999999999999e-08,76Ni
77Ni,6.7000000000000004e-09,4.29e-09,77Ni
78Ni,1.57e-09,1e-09,78Ni
79Ni,3.4099999999999996e-10,2.18e-10,79Ni
80Ni,5.36e-12,3.4299999999999997e-12,80Ni
81Ni,1.6299999999999999e-13,1.04e-13,81Ni
82Ni,0.0,0.0,82Ni
66Cu,3.71e-08,1.1899999999999999e-08,66Cu
67Cu,2.15e-07,6.88e-08,67Cu
68Cu,2.8e-07,1.26e-07,68Cu
68mCu,1.1699999999999999e-09,7.489999999999999e-10,68mCu
69Cu,3.5799999999999995e-07,1.6100000000000003e-07,69Cu
70Cu,2.07e-07,1.32e-07,70Cu
70mCu,2.3399999999999998e-07,1.5e-07,70mCu
71Cu,4.89e-07,3.13e-07,71Cu
72Cu,5.68e-07,2.56e-07,72Cu
73Cu,1.68e-06,1.08e-06,73Cu
74Cu,1.55e-06,9.92e-07,74Cu
75Cu,1.48e-06,9.47e-07,75Cu
76Cu,9.97e-07,6.38e-07,76Cu
77Cu,1.23e-06,7.87e-07,77Cu
78Cu,8e-07,5.12e-07,78Cu
79Cu,2.98e-07,1.91e-07,79Cu
80Cu,2.8199999999999998e-08,1.8e-08,80Cu
81Cu,3.14e-09,2.0100000000000003e-09,81Cu
82Cu,2.4899999999999997e-10,1.5900000000000002e-10,82Cu
83Cu,3.8199999999999995e-12,2.44e-12,83Cu
84Cu,2.47e-13,1.58e-13,84Cu
66Zn,3.71e-08,1.1899999999999999e-08,66Zn
67Zn,2.15e-07,6.88e-08,67Zn
68Zn,2.8e-07,8.960000000000001e-08,68Zn
69Zn,3.5799999999999995e-07,1.6100000000000003e-07,69Zn
69mZn,4.75e-11,3.04e-11,69mZn
70Zn,4.41e-07,1.0099999999999999e-07,70Zn
71Zn,4.9e-07,2.21e-07,71Zn
71mZn,4.79e-09,3.07e-09,71mZn
72Zn,6.05e-07,1.94e-07,72Zn
73Zn,2.06e-06,6.590000000000001e-07,73Zn
74Zn,2.72e-06,1.74e-06,74Zn
75Zn,4.27e-06,2.73e-06,75Zn
76Zn,6.34e-06,4.06e-06,76Zn
77Zn,1.7899999999999998e-05,1.1400000000000001e-05,77Zn
78Zn,3.34e-05,2.13e-05,78Zn
79Zn,3.35e-05,2.14e-05,79Zn
80Zn,1.05e-05,6.69e-06,80Zn
81Zn,3.37e-06,2.16e-06,81Zn
82Zn,9.31e-07,5.96e-07,82Zn
83Zn,9.35e-08,5.98e-08,83Zn
84Zn,6.559999999999999e-09,4.1999999999999996e-09,84Zn
85Zn,5.0100000000000007e-11,3.2100000000000004e-11,85Zn
86Zn,3.6699999999999995e-12,2.3500000000000003e-12,86Zn
87Zn,1.76e-13,1.13e-13,87Zn
66Ga,0.0,0.0,66Ga
67Ga,0.0,0.0,67Ga
68Ga,0.0,0.0,68Ga
69Ga,3.5799999999999995e-07,1.15e-07,69Ga
70Ga,4.02e-13,2.57e-13,70Ga
71Ga,4.95e-07,1.58e-07,71Ga
72Ga,6.05e-07,3.87e-07,72Ga
72mGa,9.299999999999999e-11,5.95e-11,72mGa
73Ga,2.06e-06,4.74e-07,73Ga
74Ga,2.25e-06,1.44e-06,74Ga
74mGa,2.07e-06,1.32e-06,74mGa
75Ga,4.62e-06,2.96e-06,75Ga
76Ga,7.95e-06,3.58e-06,76Ga
77Ga,3.19e-05,2.0399999999999998e-05,77Ga
78Ga,9.690000000000001e-05,6.2e-05,78Ga
79Ga,0.000217,0.000139,79Ga
80Ga,0.000157,0.0001,80Ga
81Ga,0.000151,9.68e-05,81Ga
82Ga,0.00011399999999999999,7.3e-05,82Ga
83Ga,3.9500000000000005e-05,2.5300000000000002e-05,83Ga
84Ga,8.61e-06,5.51e-06,84Ga
85Ga,9.65e-07,6.18e-07,85Ga
86Ga,5.7400000000000004e-08,3.67e-08,86Ga
87Ga,3.3899999999999997e-09,2.17e-09,87Ga
88Ga,1.56e-11,1.0000000000000001e-11,88Ga
89Ga,1.6200000000000002e-12,1.04e-12,89Ga
66Ge,0.0,0.0,66Ge
67Ge,0.0,0.0,67Ge
68Ge,0.0,0.0,68Ge
69Ge,0.0,0.0,69Ge
70Ge,4.02e-13,2.57e-13,70Ge
71Ge,0.0,0.0,71Ge
71mGe,0.0,0.0,71mGe
72Ge,6.05e-07,1.94e-07,72Ge
73Ge,2.06e-06,4.74e-07,73Ge
73mGe,2.06e-06,4.74e-07,73mGe
74Ge,2.77e-06,8.86e-07,74Ge
75Ge,4.62e-06,2.08e-06,75Ge
75mGe,1.8800000000000002e-07,8.46e-08,75mGe
76Ge,8e-06,1.84e-06,76Ge
77Ge,1.0800000000000002e-05,3.44e-06,77Ge
77mGe,2.8199999999999998e-05,1.27e-05,77mGe
78Ge,0.00011200000000000001,5.04e-05,78Ge
79Ge,0.000262,0.000168,79Ge
79mGe,6.4e-05,4.09e-05,79mGe
80Ge,0.000407,0.000183,80Ge
81Ge,0.00072,0.00046100000000000004,81Ge
82Ge,0.00135317,0.000866,82Ge
83Ge,0.00117023,0.000749,83Ge
84Ge,0.0008560000000000001,0.0005480000000000001,84Ge
85Ge,0.000285,0.000182,85Ge
86Ge,6.1e-05,3.91e-05,86Ge
87Ge,3.77e-06,2.41e-06,87Ge
88Ge,4.15e-07,2.66e-07,88Ge
89Ge,3.96e-08,2.54e-08,89Ge
90Ge,4.9700000000000007e-11,3.18e-11,90Ge
91Ge,8.79e-12,5.62e-12,91Ge
92Ge,9.25e-13,5.920000000000001e-13,92Ge
69As,0.0,0.0,69As
71As,0.0,0.0,71As
72As,0.0,0.0,72As
73As,0.0,0.0,73As
74As,2.1e-14,1.34e-14,74As
74mAs,1.53e-14,9.79e-15,74mAs
75As,4.62e-06,1.48e-06,75As
76As,5.6e-11,3.5799999999999995e-11,76As
77As,3.3e-05,5.28e-06,77As
78As,0.00011200000000000001,3.59e-05,78As
79As,0.000327,0.000147,79As
80As,0.00042699999999999997,0.00013700000000000002,80As
81As,0.000859,0.00038700000000000003,81As
82As,0.0017209,0.0007740000000000001,82As
82mAs,0.000368,0.000236,82mAs
83As,0.00361978,0.00115833,83As
84As,0.00266105,0.00170307,84As
84mAs,0.00180259,0.00115366,84mAs
85As,0.00402069,0.00257324,85As
86As,0.00232053,0.00148514,86As
87As,0.0005009999999999999,0.000321,87As
88As,0.000167,0.00010700000000000001,88As
89As,3.47e-05,2.22e-05,89As
90As,8.83e-07,5.65e-07,90As
91As,1.69e-07,1.08e-07,91As
92As,1.6399999999999998e-08,1.05e-08,92As
93As,2.34e-11,1.5e-11,93As
94As,2.42e-12,1.55e-12,94As
72Se,0.0,0.0,72Se
73Se,0.0,0.0,73Se
73mSe,0.0,0.0,73mSe
74Se,0.0,0.0,74Se
75Se,0.0,0.0,75Se
76Se,5.6e-11,3.5799999999999995e-11,76Se
77Se,3.3e-05,3.63e-06,77Se
77mSe,9.9e-08,1.58e-08,77mSe
78Se,0.00011200000000000001,2.58e-05,78Se
79Se,0.000327,0.000105,79Se
79mSe,0.000327,0.000147,79mSe
80Se,0.00042699999999999997,6.840000000000001e-05,80Se
81Se,0.0008619999999999999,0.000276,81Se
81mSe,2.59e-06,1.66e-06,81mSe
82Se,0.00213773,0.000342,82Se
83Se,0.00158191,0.0005059999999999999,83Se
83mSe,0.00237377,0.0007599999999999999,83mSe
84Se,0.008208799999999999,0.000493,84Se
85Se,0.00447351,0.00201308,85Se
85mSe,0.0025594999999999997,0.00163808,85mSe
86Se,0.0106911,0.00245896,86Se
87Se,0.00875955,0.00280305,87Se
88Se,0.00558551,0.00251348,88Se
89Se,0.0033734000000000004,0.00215898,89Se
90Se,0.0010639000000000002,0.000681,90Se
91Se,0.000188,0.00011999999999999999,91Se
92Se,1.98e-05,1.27e-05,92Se
93Se,5.72e-07,3.66e-07,93Se
94Se,6.41e-08,4.0999999999999997e-08,94Se
95Se,5.910000000000001e-11,3.7799999999999995e-11,95Se
96Se,2.47e-11,1.58e-11,96Se
97Se,3.7499999999999997e-13,2.4e-13,97Se
75Br,0.0,0.0,75Br
77Br,0.0,0.0,77Br
77mBr,0.0,0.0,77mBr
78Br,0.0,0.0,78Br
79Br,0.000327,7.509999999999998e-05,79Br
79mBr,5.11e-13,3.27e-13,79mBr
80Br,3.75e-11,2.3999999999999998e-11,80Br
80mBr,2.93e-11,1.8800000000000002e-11,80mBr
81Br,0.0008619999999999999,0.000198,81Br
82Br,1.2199999999999998e-07,7.809999999999999e-08,82Br
82mBr,3.31e-08,2.12e-08,82mBr
83Br,0.00395856,0.00023799999999999998,83Br
84Br,0.00822381,0.00022999999999999998,84Br
84mBr,3.19e-05,2.0399999999999998e-05,84mBr
85Br,0.00742815,0.000297,85Br
86Br,0.0116051,0.00127656,86Br
86mBr,0.00093,0.000595,86mBr
87Br,0.0153718,0.0009220000000000001,87Br
88Br,0.014788299999999997,0.00340131,88Br
89Br,0.019437799999999998,0.00447069,89Br
90Br,0.014418100000000001,0.00331615,90Br
91Br,0.00773263,0.00347968,91Br
92Br,0.00235861,0.00150951,92Br
93Br,0.0005009999999999999,0.000321,93Br
94Br,7.900000000000001e-05,5.0600000000000003e-05,94Br
95Br,1.14e-06,7.28e-07,95Br
96Br,3.5200000000000003e-07,2.25e-07,96Br
97Br,7.21e-09,4.6100000000000004e-09,97Br
98Br,9.8e-11,6.27e-11,98Br
99Br,7.91e-12,5.059999999999999e-12,99Br
100Br,1.3800000000000002e-13,8.83e-14,100Br
77Kr,0.0,0.0,77Kr
78Kr,0.0,0.0,78Kr
79Kr,0.0,0.0,79Kr
79mKr,0.0,0.0,79mKr
80Kr,3.75e-11,2.3999999999999998e-11,80Kr
81Kr,1.26e-13,8.06e-14,81Kr
81mKr,1.51e-14,9.66e-15,81mKr
82Kr,1.2199999999999998e-07,7.809999999999999e-08,82Kr
83Kr,0.00395856,5.539999999999999e-05,83Kr
83mKr,0.00395856,0.00011100000000000001,83mKr
84Kr,0.00825579,0.00011599999999999999,84Kr
85Kr,0.00148615,2.97e-05,85Kr
85mKr,0.00742856,0.000149,85mKr
86Kr,0.0129645,0.00013000000000000002,86Kr
87Kr,0.0162537,0.000325,87Kr
88Kr,0.0202602,0.000567,88Kr
89Kr,0.0267247,0.000534,89Kr
90Kr,0.0307717,0.00246173,90Kr
91Kr,0.0335108,0.00201065,91Kr
92Kr,0.0265094,0.00159056,92Kr
93Kr,0.014637899999999999,0.00117103,93Kr
94Kr,0.007422800000000001,0.00334026,94Kr
95Kr,0.00126578,0.00081,95Kr
96Kr,0.000342,0.00021899999999999998,96Kr
97Kr,8.02e-06,5.13e-06,97Kr
98Kr,2.6e-06,1.66e-06,98Kr
99Kr,1.94e-07,1.24e-07,99Kr
100Kr,3.6599999999999998e-09,2.3399999999999998e-09,100Kr
101Kr,2.2399999999999998e-11,1.43e-11,101Kr
102Kr,2.9300000000000002e-12,1.88e-12,102Kr
79Rb,0.0,0.0,79Rb
81Rb,0.0,0.0,81Rb
83Rb,3.52e-14,2.25e-14,83Rb
84Rb,5.72e-12,3.66e-12,84Rb
85Rb,0.00743056,7.43e-05,85Rb
86Rb,2.8e-08,1.79e-08,86Rb
86mRb,1.4e-08,8.959999999999999e-09,86mRb
87Rb,0.0162552,0.00016299999999999998,87Rb
88Rb,0.0202804,0.00040599999999999995,88Rb
89Rb,0.027610200000000005,0.000552,89Rb
90Rb,0.0277921,0.00222337,90Rb
90mRb,0.00479068,0.00153302,90mRb
91Rb,0.0402739,0.00161096,91Rb
92Rb,0.0415435,0.00332348,92Rb
93Rb,0.040952999999999996,0.00655249,93Rb
94Rb,0.0324281,0.00745846,94Rb
95Rb,0.0171274,0.00548076,95Rb
96Rb,0.012029799999999998,0.00276686,96Rb
97Rb,0.0008939999999999999,0.000572,97Rb
98Rb,0.0008460000000000001,0.000542,98Rb
99Rb,0.000169,0.00010800000000000001,99Rb
100Rb,1.25e-05,7.97e-06,100Rb
101Rb,4.3100000000000003e-07,2.7600000000000004e-07,101Rb
102Rb,5.2099999999999997e-08,3.33e-08,102Rb
103Rb,6.199999999999999e-11,3.97e-11,103Rb
104Rb,7.61e-12,4.87e-12,104Rb
105Rb,1.6999999999999998e-12,1.09e-12,105Rb
83Sr,0.0,0.0,83Sr
84Sr,1.7199999999999997e-13,1.1e-13,84Sr
85Sr,0.0,0.0,85Sr
85mSr,0.0,0.0,85mSr
86Sr,2.8e-08,1.79e-08,86Sr
87Sr,0.0162552,0.00016299999999999998,87Sr
87mSr,2.7300000000000002e-11,1.75e-11,87mSr
88Sr,0.0202805,0.00028399999999999996,88Sr
89Sr,0.027610700000000002,0.00038700000000000003,89Sr
90Sr,0.0324695,0.000455,90Sr
91Sr,0.0403948,0.000808,91Sr
92Sr,0.0431225,0.00120743,92Sr
93Sr,0.049093300000000006,0.00196373,93Sr
94Sr,0.0457614,0.00366091,94Sr
95Sr,0.0491588,0.0039327,95Sr
96Sr,0.051901300000000004,0.00830421,96Sr
97Sr,0.0293625,0.00675338,97Sr
98Sr,0.0234148,0.00538541,98Sr
99Sr,0.00994116,0.00447352,99Sr
100Sr,0.00304981,0.00195188,100Sr
101Sr,0.00047999999999999996,0.000307,101Sr
102Sr,6.28e-05,4.02e-05,102Sr
103Sr,1.52e-06,9.709999999999999e-07,103Sr
104Sr,2.0199999999999998e-07,1.29e-07,104Sr
105Sr,4.15e-08,2.66e-08,105Sr
106Sr,0.0,0.0,106Sr
107Sr,0.0,0.0,107Sr
108Sr,0.0,0.0,108Sr
109Sr,0.0,0.0,109Sr
85Y,0.0,0.0,85Y
87Y,0.0,0.0,87Y
88Y,2.09e-13,1.34e-13,88Y
89Y,0.027610700000000002,0.00038700000000000003,89Y
89mY,2.76e-06,3.86e-08,89mY
90Y,0.0324695,0.0207805,90Y
90mY,1.22e-09,7.779999999999999e-10,90mY
91Y,0.040394900000000004,0.0258527,91Y
91mY,0.023429,0.0149946,91mY
92Y,0.043124800000000005,0.0012075,92Y
93Y,0.0491329,0.0314451,93Y
93mY,0.017006099999999996,0.0108839,93mY
94Y,0.0461004,0.00184401,94Y
95Y,0.0513924,0.00143899,95Y
96Y,0.0599877,0.00479902,96Y
96mY,0.00735866,0.0033114000000000004,96mY
97Y,0.054547500000000006,0.0021819,97Y
97mY,0.0,0.0,97mY
98Y,0.0385482,0.00616772,98Y
98mY,0.0151399,0.00348217,98mY
99Y,0.0473418,0.010888600000000002,99Y
100Y,0.032312799999999996,0.00743195,100Y
101Y,0.0150752,0.00346731,101Y
102Y,0.0052822,0.00237699,102Y
103Y,0.00132786,0.00085,103Y
104Y,0.00016299999999999998,0.00010400000000000001,104Y
105Y,3.63e-05,2.3199999999999998e-05,105Y
106Y,2.98e-13,1.91e-13,106Y
107Y,8.609999999999999e-15,5.51e-15,107Y
108Y,3.6000000000000003e-16,2.31e-16,108Y
109Y,9.06e-17,5.799999999999999e-17,109Y
110Y,0.0,0.0,110Y
111Y,1.3900000000000001e-13,8.89e-14,111Y
87Zr,0.0,0.0,87Zr
88Zr,0.0,0.0,88Zr
89Zr,0.0,0.0,89Zr
90Zr,0.0324695,0.0207805,90Zr
90mZr,1.75e-14,1.12e-14,90mZr
91Zr,0.040394900000000004,0.000808,91Zr
92Zr,0.043124800000000005,0.0012075,92Zr
93Zr,0.049132999999999996,0.000983,93Zr
94Zr,0.046100999999999996,0.00129083,94Zr
95Zr,0.051404899999999996,0.00072,95Zr
96Zr,0.0601736,0.00240695,96Zr
97Zr,0.0556226,0.000779,97Zr
98Zr,0.059417899999999996,0.00950687,98Zr
99Zr,0.061364999999999996,0.00675015,99Zr
100Zr,0.0650394,0.010406299999999999,100Zr
101Zr,0.055092999999999996,0.0126714,101Zr
102Zr,0.046199800000000006,0.0106259,102Zr
103Zr,0.0277774,0.006388800000000001,103Zr
104Zr,0.0102887,0.00462991,104Zr
105Zr,0.00213071,0.00136366,105Zr
106Zr,7.29e-06,4.67e-06,106Zr
107Zr,1.95e-07,1.25e-07,107Zr
108Zr,8.82e-09,5.6399999999999995e-09,108Zr
109Zr,2.0499999999999997e-09,1.31e-09,109Zr
110Zr,1.59e-12,1.0199999999999999e-12,110Zr
111Zr,3.4000000000000003e-09,2.18e-09,111Zr
112Zr,1.05e-12,6.7e-13,112Zr
113Zr,7.86e-14,5.03e-14,113Zr
114Zr,3.8600000000000004e-15,2.47e-15,114Zr
89Nb,0.0,0.0,89Nb
90Nb,0.0,0.0,90Nb
91Nb,0.0,0.0,91Nb
92Nb,0.0,0.0,92Nb
93Nb,0.049132999999999996,0.000983,93Nb
93mNb,0.046676300000000004,0.0009339999999999999,93mNb
94Nb,3.71e-11,2.3700000000000003e-11,94Nb
94mNb,1.3699999999999999e-11,8.769999999999999e-12,94mNb
95Nb,0.051404899999999996,0.0005139999999999999,95Nb
95mNb,0.0005139999999999999,7.2e-06,95mNb
96Nb,1.04e-07,6.66e-08,96Nb
97Nb,0.055625,0.000556,97Nb
97mNb,0.0522857,0.000523,97mNb
98Nb,0.0594432,0.00951091,98Nb
98mNb,7.12e-06,4.56e-06,98mNb
99Nb,0.0429809,0.00343847,99Nb
99mNb,0.0187011,0.00205713,99mNb
100Nb,0.033482,0.00535712,100Nb
100mNb,0.033482,0.00535712,100mNb
101Nb,0.061987099999999996,0.00681858,101Nb
102Nb,0.0549269,0.035153199999999996,102Nb
102mNb,0.00872712,0.00558535,102mNb
103Nb,0.058991999999999996,0.00648912,103Nb
104Nb,0.0246285,0.0157622,104Nb
104mNb,0.014335299999999999,0.00917459,104mNb
105Nb,0.0200842,0.00461936,105Nb
106Nb,0.00595028,0.00267763,106Nb
107Nb,0.00145022,0.0009279999999999999,107Nb
108Nb,0.000174,0.00011100000000000001,108Nb
109Nb,1.53e-05,9.77e-06,109Nb
110Nb,1.11e-06,7.1e-07,110Nb
111Nb,2.98e-06,1.9e-06,111Nb
112Nb,1.86e-08,1.1899999999999999e-08,112Nb
113Nb,1.51e-09,9.68e-10,113Nb
114Nb,6.85e-11,4.39e-11,114Nb
115Nb,7.84e-14,5.02e-14,115Nb
116Nb,4.6e-15,2.94e-15,116Nb
90Mo,0.0,0.0,90Mo
91Mo,0.0,0.0,91Mo
92Mo,0.0,0.0,92Mo
93Mo,0.0,0.0,93Mo
93mMo,0.0,0.0,93mMo
94Mo,3.7200000000000005e-11,2.38e-11,94Mo
95Mo,0.051404899999999996,0.0005139999999999999,95Mo
96Mo,1.04e-07,6.66e-08,96Mo
97Mo,0.055625,0.000389,97Mo
98Mo,0.059450300000000005,0.000595,98Mo
99Mo,0.0616825,0.0008640000000000001,99Mo
100Mo,0.0669737,0.00067,100Mo
101Mo,0.0620904,0.00372542,101Mo
102Mo,0.0644725,0.0025789000000000003,102Mo
103Mo,0.0627317,0.0037639,103Mo
104Mo,0.050201800000000005,0.00200807,104Mo
105Mo,0.0397286,0.00317829,105Mo
106Mo,0.0246454,0.00147872,106Mo
107Mo,0.013793799999999998,0.00317258,107Mo
108Mo,0.00524688,0.0023611,108Mo
109Mo,0.00169728,0.00108626,109Mo
110Mo,0.000621,0.000397,110Mo
111Mo,0.000175,0.00011200000000000001,111Mo
112Mo,2.24e-05,1.4300000000000002e-05,112Mo
113Mo,1.68e-06,1.08e-06,113Mo
114Mo,8.26e-08,5.29e-08,114Mo
115Mo,1.92e-09,1.23e-09,115Mo
116Mo,1.2200000000000002e-10,7.81e-11,116Mo
117Mo,2.5400000000000003e-13,1.6200000000000002e-13,117Mo
118Mo,4.2e-14,2.69e-14,118Mo
93Tc,0.0,0.0,93Tc
95Tc,0.0,0.0,95Tc
95mTc,0.0,0.0,95mTc
97Tc,0.0,0.0,97Tc
97mTc,0.0,0.0,97mTc
98Tc,2.29e-13,1.47e-13,98Tc
99Tc,0.0616825,0.0008640000000000001,99Tc
99mTc,0.054280600000000005,0.0007599999999999999,99mTc
100Tc,1.56e-09,9.98e-10,100Tc
101Tc,0.0620905,0.00173853,101Tc
102Tc,0.00322435,6.45e-05,102Tc
102mTc,0.0644732,0.00128946,102mTc
103Tc,0.0627532,0.00175709,103Tc
104Tc,0.0503599,0.0010072000000000002,104Tc
105Tc,0.040509300000000005,0.00243056,105Tc
106Tc,0.0248974,0.000697,106Tc
107Tc,0.014458700000000001,0.0033255000000000003,107Tc
108Tc,0.00601173,0.00192375,108Tc
109Tc,0.00251331,0.00113099,109Tc
110Tc,0.00140851,0.000901,110Tc
111Tc,0.000602,0.00038500000000000003,111Tc
112Tc,0.00025699999999999996,0.000164,112Tc
113Tc,7.8e-05,4.99e-05,113Tc
114Tc,1.4000000000000001e-05,8.95e-06,114Tc
115Tc,1.68e-06,1.07e-06,115Tc
116Tc,2.39e-07,1.53e-07,116Tc
117Tc,4.88e-09,3.12e-09,117Tc
118Tc,7.47e-10,4.78e-10,118Tc
119Tc,2.0299999999999996e-12,1.3000000000000001e-12,119Tc
120Tc,7.12e-14,4.56e-14,120Tc
121Tc,5e-15,3.2e-15,121Tc
95Ru,0.0,0.0,95Ru
96Ru,0.0,0.0,96Ru
97Ru,0.0,0.0,97Ru
98Ru,2.29e-13,1.47e-13,98Ru
99Ru,0.0616825,0.0008640000000000001,99Ru
100Ru,1.56e-09,9.98e-10,100Ru
101Ru,0.0620905,0.000869,101Ru
102Ru,0.0644739,0.0006450000000000001,102Ru
103Ru,0.0627532,0.0008789999999999999,103Ru
104Ru,0.0503601,0.000504,104Ru
105Ru,0.040512900000000004,0.00113436,105Ru
106Ru,0.0248974,0.000349,106Ru
107Ru,0.014458799999999999,0.0023134,107Ru
108Ru,0.00601424,0.00192456,108Ru
109Ru,0.00252063,0.0016132000000000002,109Ru
109mRu,7.9e-07,5.06e-07,109mRu
110Ru,0.00140761,0.000633,110Ru
111Ru,0.000711,0.00032,111Ru
112Ru,0.000541,8.65e-05,112Ru
113Ru,0.00038199999999999996,0.000245,113Ru
114Ru,0.00021899999999999998,0.00014,114Ru
115Ru,9.85e-05,6.31e-05,115Ru
116Ru,3.46e-05,2.2100000000000002e-05,116Ru
117Ru,5.43e-06,3.48e-06,117Ru
118Ru,9e-07,5.76e-07,118Ru
119Ru,4.98e-08,3.19e-08,119Ru
120Ru,1.89e-09,1.21e-09,120Ru
121Ru,1.2200000000000002e-10,7.83e-11,121Ru
122Ru,6.3e-13,4.0299999999999995e-13,122Ru
123Ru,1.36e-14,8.71e-15,123Ru
124Ru,0.0,0.0,124Ru
99Rh,0.0,0.0,99Rh
101Rh,0.0,0.0,101Rh
101mRh,0.0,0.0,101mRh
102Rh,0.0,0.0,102Rh
102mRh,0.0,0.0,102mRh
103Rh,0.0627532,0.0008789999999999999,103Rh
103mRh,0.06212569999999999,0.0008699999999999999,103mRh
104Rh,7.45e-12,4.769999999999999e-12,104Rh
104mRh,5.820000000000001e-12,3.72e-12,104mRh
105Rh,0.040512900000000004,0.00081,105Rh
105mRh,0.0109385,0.000306,105mRh
106Rh,0.0248974,0.000349,106Rh
106mRh,0.0,0.0,106mRh
107Rh,0.014458799999999999,0.00159046,107Rh
108Rh,0.00601424,0.00138327,108Rh
108mRh,1.81e-14,1.16e-14,108mRh
109Rh,0.00252142,0.00161371,109Rh
109mRh,0.00126031,0.000807,109mRh
110Rh,0.00140761,0.00045,110Rh
110mRh,1.73e-11,1.1099999999999999e-11,110mRh
111Rh,0.000712,0.00022799999999999999,111Rh
112Rh,0.000559,4.47e-05,112Rh
113Rh,0.000459,0.000207,113Rh
114Rh,0.00037799999999999997,0.000242,114Rh
115Rh,0.000322,0.000206,115Rh
116Rh,0.00023999999999999998,0.000153,116Rh
117Rh,0.00011999999999999999,7.709999999999999e-05,117Rh
118Rh,5.2300000000000004e-05,3.35e-05,118Rh
119Rh,1.12e-05,7.19e-06,119Rh
120Rh,1.43e-06,9.15e-07,120Rh
121Rh,1.0699999999999999e-07,6.85e-08,121Rh
122Rh,6.17e-09,3.95e-09,122Rh
123Rh,2.62e-10,1.68e-10,123Rh
124Rh,5.5999999999999996e-12,3.58e-12,124Rh
125Rh,8.46e-14,5.41e-14,125Rh
127Rh,0.0,0.0,127Rh
99Pd,0.0,0.0,99Pd
101Pd,0.0,0.0,101Pd
102Pd,0.0,0.0,102Pd
103Pd,0.0,0.0,103Pd
104Pd,7.429999999999999e-12,3.34e-12,104Pd
105Pd,0.040512900000000004,0.000567,105Pd
106Pd,0.0248974,0.000349,106Pd
107Pd,0.014458799999999999,0.0011567,107Pd
107mPd,0.0,0.0,107mPd
108Pd,0.00601424,0.000962,108Pd
109Pd,0.00252142,0.00161371,109Pd
109mPd,0.0,0.0,109mPd
110Pd,0.00140761,0.000225,110Pd
111Pd,0.000711,0.000164,111Pd
111mPd,3.06e-06,9.79e-07,111mPd
112Pd,0.000559,2.24e-05,112Pd
113Pd,0.00046100000000000004,0.000148,113Pd
114Pd,0.000393,0.000177,114Pd
115Pd,0.000375,0.000169,115Pd
116Pd,0.000388,0.000175,116Pd
117Pd,0.000348,0.000223,117Pd
118Pd,0.00033999999999999997,0.000218,118Pd
119Pd,0.000195,0.000125,119Pd
120Pd,8.53e-05,5.4600000000000006e-05,120Pd
121Pd,2.0300000000000002e-05,1.3000000000000001e-05,121Pd
122Pd,4.17e-06,2.67e-06,122Pd
123Pd,5.36e-07,3.43e-07,123Pd
124Pd,4.26e-08,2.73e-08,124Pd
125Pd,2.07e-09,1.32e-09,125Pd
126Pd,0.0,0.0,126Pd
127Pd,6.7e-19,4.2899999999999994e-19,127Pd
128Pd,0.0,0.0,128Pd
129Pd,0.0,0.0,129Pd
130Pd,0.0,0.0,130Pd
131Pd,0.0,0.0,131Pd
103Ag,0.0,0.0,103Ag
105Ag,0.0,0.0,105Ag
105mAg,0.0,0.0,105mAg
106Ag,0.0,0.0,106Ag
106mAg,0.0,0.0,106mAg
107Ag,0.014458799999999999,0.0011567,107Ag
107mAg,0.0,0.0,107mAg
108Ag,0.0,0.0,108Ag
108mAg,0.0,0.0,108mAg
109Ag,0.00252142,0.00161371,109Ag
109mAg,0.00252021,0.00161293,109mAg
110Ag,0.0,0.0,110Ag
110mAg,0.0,0.0,110mAg
111Ag,0.0007099999999999999,1.42e-05,111Ag
111mAg,0.0007070000000000001,5.660000000000001e-05,111mAg
112Ag,0.000559,2.24e-05,112Ag
113Ag,0.00041500000000000006,9.549999999999999e-05,113Ag
113mAg,4.61e-05,2.07e-05,113mAg
114Ag,0.000393,0.000126,114Ag
115Ag,0.00027400000000000005,8.77e-05,115Ag
115mAg,0.000102,4.57e-05,115mAg
116Ag,0.000197,8.85e-05,116Ag
116mAg,0.000197,8.85e-05,116mAg
117Ag,0.00018899999999999999,0.000121,117Ag
117mAg,0.00018899999999999999,0.000121,117mAg
118Ag,0.00031299999999999996,0.0002,118Ag
118mAg,0.00021400000000000002,0.00013700000000000002,118mAg
119Ag,0.000379,0.00016999999999999999,119Ag
120Ag,0.00023999999999999998,0.000154,120Ag
120mAg,0.000113,7.23e-05,120mAg
121Ag,0.0002,0.000128,121Ag
122Ag,5.489999999999999e-05,3.52e-05,122Ag
122mAg,5.08e-05,3.2500000000000004e-05,122mAg
123Ag,4.35e-05,2.7899999999999997e-05,123Ag
124Ag,1.0300000000000001e-05,6.58e-06,124Ag
125Ag,1.75e-06,1.12e-06,125Ag
126Ag,9.44e-11,6.04e-11,126Ag
127Ag,1.19e-11,7.62e-12,127Ag
128Ag,7.099999999999999e-13,4.54e-13,128Ag
129Ag,2.12e-14,1.35e-14,129Ag
130Ag,0.0,0.0,130Ag
131Ag,1.29e-16,8.27e-17,131Ag
132Ag,6.86e-11,4.39e-11,132Ag
133Ag,3.4500000000000004e-12,2.21e-12,133Ag
105Cd,0.0,0.0,105Cd
106Cd,0.0,0.0,106Cd
107Cd,0.0,0.0,107Cd
108Cd,0.0,0.0,108Cd
109Cd,0.0,0.0,109Cd
110Cd,0.0,0.0,110Cd
111Cd,0.000712,1.42e-05,111Cd
111mCd,0.0,0.0,111mCd
112Cd,0.000559,2.24e-05,112Cd
113Cd,0.00045599999999999997,5.01e-05,113Cd
113mCd,5.39e-06,8.620000000000001e-07,113mCd
114Cd,0.000393,6.28e-05,114Cd
115Cd,0.000344,6.89e-06,115Cd
115mCd,3.11e-05,1.87e-06,115mCd
116Cd,0.000393,4.3200000000000007e-05,116Cd
117Cd,0.000283,0.000127,117Cd
117mCd,9.449999999999999e-05,4.2499999999999996e-05,117mCd
118Cd,0.00043200000000000004,9.93e-05,118Cd
119Cd,0.000199,8.94e-05,119Cd
119mCd,0.000199,8.94e-05,119mCd
120Cd,0.000386,0.000174,120Cd
121Cd,0.00028,0.00017900000000000001,121Cd
121mCd,8.04e-05,5.15e-05,121mCd
122Cd,0.00037200000000000004,0.000167,122Cd
123Cd,0.000324,0.000207,123Cd
124Cd,0.00022,0.00014099999999999998,124Cd
125Cd,9.95e-05,6.37e-05,125Cd
126Cd,8.13e-06,5.2e-06,126Cd
127Cd,4.12e-06,2.64e-06,127Cd
128Cd,1.28e-06,8.19e-07,128Cd
129Cd,4.78e-07,3.06e-07,129Cd
130Cd,5.57e-08,3.56e-08,130Cd
131Cd,2.92e-09,1.87e-09,131Cd
132Cd,1.82e-06,1.16e-06,132Cd
133Cd,8.46e-08,5.41e-08,133Cd
134Cd,9.37e-10,6e-10,134Cd
135Cd,8.890000000000001e-12,5.690000000000001e-12,135Cd
136Cd,3.37e-14,2.16e-14,136Cd
107In,0.0,0.0,107In
109In,0.0,0.0,109In
111In,0.0,0.0,111In
112In,0.0,0.0,112In
112mIn,0.0,0.0,112mIn
113In,0.00046100000000000004,5.07e-05,113In
113mIn,0.0,0.0,113mIn
114In,0.0,0.0,114In
114mIn,0.0,0.0,114mIn
115In,0.000363,7.25e-06,115In
115mIn,0.000344,6.89e-06,115mIn
116In,4.77e-13,3.05e-13,116In
116mIn,9.53e-13,6.1e-13,116mIn
116nIn,4.77e-13,3.05e-13,116nIn
117In,0.000239,7.65e-05,117In
117mIn,0.000261,8.36e-05,117mIn
118In,0.00043200000000000004,9.93e-05,118In
118mIn,5.94e-10,3.8e-10,118mIn
118nIn,2.99e-10,1.9099999999999999e-10,118nIn
119In,0.00020899999999999998,9.379999999999999e-05,119In
119mIn,0.000199,8.94e-05,119mIn
120In,0.000194,8.71e-05,120In
120mIn,0.000194,8.71e-05,120mIn
120nIn,0.0,0.0,120nIn
121In,9.1e-05,5.8200000000000005e-05,121In
121mIn,0.00028199999999999997,0.00018,121mIn
122In,0.000391,9e-05,122In
122mIn,1.91e-05,1.22e-05,122mIn
122nIn,0.0,0.0,122nIn
123In,0.000346,0.00022200000000000003,123In
123mIn,9.44e-05,6.04e-05,123mIn
124In,0.00032900000000000003,0.00021,124In
124mIn,0.000109,6.979999999999999e-05,124mIn
125In,0.00021600000000000002,0.000138,125In
125mIn,0.000176,0.000113,125mIn
126In,0.000184,0.000118,126In
126mIn,0.000192,0.000123,126mIn
127In,0.000346,0.00022200000000000003,127In
127mIn,0.000346,0.00022200000000000003,127mIn
128In,0.000393,0.000251,128In
128mIn,0.000392,0.000251,128mIn
129In,0.000675,0.00043200000000000004,129In
129mIn,0.000674,0.00043099999999999996,129mIn
130In,0.0007509999999999999,0.00047999999999999996,130In
130mIn,0.0,0.0,130mIn
130nIn,0.0,0.0,130nIn
131In,0.000268,0.000172,131In
131mIn,0.0,0.0,131mIn
132In,0.000647,0.000414,132In
133In,7.4e-05,4.73e-05,133In
134In,4.92e-06,3.15e-06,134In
135In,1.71e-07,1.0900000000000001e-07,135In
136In,2.7e-09,1.7300000000000002e-09,136In
137In,2.59e-11,1.6600000000000003e-11,137In
138In,8.329999999999999e-13,5.33e-13,138In
111Sn,0.0,0.0,111Sn
112Sn,0.0,0.0,112Sn
113Sn,0.0,0.0,113Sn
113mSn,0.0,0.0,113mSn
114Sn,0.0,0.0,114Sn
115Sn,0.000375,7.51e-06,115Sn
116Sn,1.43e-12,6.440000000000001e-13,116Sn
117Sn,0.000377,0.000241,117Sn
117mSn,7.65e-07,4.89e-07,117mSn
118Sn,0.00043200000000000004,4.7499999999999996e-05,118Sn
119Sn,0.000397,4.3700000000000005e-05,119Sn
119mSn,1.04e-05,4.69e-06,119mSn
120Sn,0.00038700000000000003,4.26e-05,120Sn
121Sn,0.000367,0.00023500000000000002,121Sn
121mSn,1.0300000000000001e-05,6.59e-06,121mSn
122Sn,0.000411,4.52e-05,122Sn
123Sn,3.33e-06,2.13e-06,123Sn
123mSn,0.000442,0.00014099999999999998,123mSn
124Sn,0.00046399999999999995,5.11e-05,124Sn
125Sn,0.000264,1.58e-05,125Sn
125mSn,0.00022,7.03e-05,125mSn
126Sn,0.000541,4.33e-05,126Sn
127Sn,0.0010142,0.00045599999999999997,127Sn
127mSn,0.000346,0.00022200000000000003,127mSn
128Sn,0.00283945,0.00181725,128Sn
128mSn,0.00101794,0.000651,128mSn
129Sn,0.00757995,0.00242558,129Sn
129mSn,0.00220944,0.00141404,129mSn
130Sn,0.00876332,0.00560853,130Sn
130mSn,0.00845089,0.00540857,130mSn
131Sn,0.0117184,0.00749978,131Sn
131mSn,0.0114469,0.00732599,131mSn
132Sn,0.019462200000000002,0.004476300000000001,132Sn
133Sn,0.00680007,0.00306003,133Sn
134Sn,0.00182596,0.00116862,134Sn
135Sn,0.00018999999999999998,0.000122,135Sn
136Sn,1.42e-05,9.08e-06,136Sn
137Sn,6.33e-07,4.05e-07,137Sn
138Sn,2.21e-08,1.4099999999999999e-08,138Sn
139Sn,1.6299999999999998e-10,1.0399999999999999e-10,139Sn
140Sn,8.69e-12,5.56e-12,140Sn
141Sn,2.59e-12,1.66e-12,141Sn
113Sb,0.0,0.0,113Sb
115Sb,0.0,0.0,115Sb
117Sb,0.0,0.0,117Sb
118Sb,0.0,0.0,118Sb
118mSb,0.0,0.0,118mSb
119Sb,0.0,0.0,119Sb
120Sb,1.66e-14,1.06e-14,120Sb
120mSb,2.83e-14,1.81e-14,120mSb
121Sb,0.00036899999999999997,2.95e-05,121Sb
122Sb,2.4e-10,1.54e-10,122Sb
122mSb,1.37e-10,8.77e-11,122mSb
123Sb,0.00044500000000000003,7.13e-05,123Sb
124Sb,1.34e-07,8.58e-08,124Sb
124mSb,6.68e-08,4.28e-08,124mSb
124nSb,0.0,0.0,124nSb
125Sb,0.00048499999999999997,3.8799999999999994e-05,125Sb
126Sb,7.58e-05,6.06e-06,126Sb
126mSb,0.000541,4.33e-05,126mSb
126nSb,0.000362,0.00023199999999999997,126nSb
127Sb,0.00136247,8.170000000000001e-05,127Sb
128Sb,0.00011200000000000001,7.15e-05,128Sb
128mSb,0.00285188,0.0018252,128mSb
129Sb,0.0101134,0.00161815,129Sb
130Sb,0.00925811,0.00592519,130Sb
130mSb,0.00987801,0.00632193,130mSb
131Sb,0.032539799999999994,0.00130159,131Sb
132Sb,0.024095099999999998,0.00385522,132Sb
132mSb,0.022469,0.00359504,132mSb
133Sb,0.0380828,0.00304663,133Sb
134Sb,0.014297,0.00915009,134Sb
134mSb,0.012805200000000003,0.00819533,134mSb
135Sb,0.0103948,0.0023908,135Sb
136Sb,0.00240042,0.00153627,136Sb
137Sb,0.000384,0.000246,137Sb
138Sb,4.0600000000000004e-05,2.6000000000000002e-05,138Sb
139Sb,3.14e-06,2.01e-06,139Sb
140Sb,1.54e-07,9.880000000000001e-08,140Sb
141Sb,4.98e-08,3.19e-08,141Sb
142Sb,3.4900000000000004e-11,2.2399999999999998e-11,142Sb
143Sb,3.4900000000000003e-12,2.24e-12,143Sb
115Te,0.0,0.0,115Te
117Te,0.0,0.0,117Te
118Te,0.0,0.0,118Te
119Te,0.0,0.0,119Te
120Te,0.0,0.0,120Te
121Te,0.0,0.0,121Te
121mTe,0.0,0.0,121mTe
122Te,2.33e-10,1.49e-10,122Te
123Te,7.009999999999999e-13,4.49e-13,123Te
123mTe,5.54e-13,3.5499999999999995e-13,123mTe
124Te,1.34e-07,8.58e-08,124Te
125Te,0.00048499999999999997,2.9100000000000003e-05,125Te
125mTe,0.000109,8.73e-06,125mTe
126Te,0.000541,3.2500000000000004e-05,126Te
127Te,0.00135724,8.14e-05,127Te
127mTe,0.000218,1.31e-05,127mTe
128Te,0.00286088,0.000172,128Te
129Te,0.00950234,0.00104526,129Te
129mTe,0.00167884,0.000185,129mTe
130Te,0.019136700000000003,0.0011482,130Te
131Te,0.030741200000000003,0.0008609999999999999,131Te
131mTe,0.00264262,0.00042300000000000004,131mTe
132Te,0.051276300000000004,0.000718,132Te
133Te,0.0347282,0.00798748,133Te
133mTe,0.0356056,0.00818929,133mTe
134Te,0.0684969,0.00191791,134Te
135Te,0.055439300000000004,0.012751,135Te
136Te,0.037029,0.00851668,136Te
137Te,0.0159923,0.00367824,137Te
138Te,0.00554166,0.00249374,138Te
139Te,0.00121214,0.000776,139Te
140Te,0.00018600000000000002,0.00011899999999999999,140Te
141Te,5.539999999999999e-05,3.5499999999999996e-05,141Te
142Te,9.27e-07,5.93e-07,142Te
143Te,8.55e-08,5.47e-08,143Te
144Te,5.73e-11,3.67e-11,144Te
145Te,6.08e-12,3.8900000000000006e-12,145Te
146Te,4.3700000000000006e-13,2.7899999999999997e-13,146Te
121I,0.0,0.0,121I
123I,0.0,0.0,123I
125I,9.98e-14,6.39e-14,125I
126I,0.0,0.0,126I
127I,0.00136247,5.45e-05,127I
128I,0.0,0.0,128I
129I,0.0101134,0.0008089999999999999,129I
130I,4.06e-14,2.6e-14,130I
130mI,1.14e-14,7.3e-15,130mI
131I,0.0329082,0.00046100000000000004,131I
132I,0.051461900000000005,0.0329356,132I
132mI,9.940000000000002e-05,6.36e-05,132mI
133I,0.067594,0.0432601,133I
133mI,0.000944,0.000604,133mI
134I,0.0760049,0.00456029,134I
134mI,0.00318007,0.00203525,134mI
135I,0.0694072,0.0009720000000000001,135I
136I,0.049895300000000004,0.00548848,136I
136mI,0.0138785,0.00319205,136mI
137I,0.0512504,0.00410003,137I
138I,0.0364551,0.00838468,138I
139I,0.021671700000000002,0.0049845,139I
140I,0.00887966,0.00399585,140I
141I,0.00257039,0.00164505,141I
142I,0.00042,0.000269,142I
143I,7.48e-05,4.79e-05,143I
144I,1.02e-06,6.51e-07,144I
145I,1.1699999999999999e-07,7.49e-08,145I
146I,7.76e-09,4.96e-09,146I
147I,6.72e-12,4.3e-12,147I
148I,6.86e-13,4.3900000000000005e-13,148I
124Xe,0.0,0.0,124Xe
125Xe,0.0,0.0,125Xe
125mXe,0.0,0.0,125mXe
126Xe,0.0,0.0,126Xe
127Xe,0.0,0.0,127Xe
127mXe,0.0,0.0,127mXe
128Xe,0.0,0.0,128Xe
129Xe,0.0101134,0.0064726,129Xe
129mXe,0.0,0.0,129mXe
130Xe,4.24e-14,2.71e-14,130Xe
131Xe,0.0329082,0.00032900000000000003,131Xe
131mXe,0.00046100000000000004,6.45e-06,131mXe
132Xe,0.051475099999999996,0.000721,132Xe
133Xe,0.06761039999999999,0.0432706,133Xe
133mXe,0.00195892,0.00125371,133mXe
134Xe,0.07609450000000001,0.00213065,134Xe
134mXe,8.26e-05,5.2900000000000005e-05,134mXe
135Xe,0.06967580000000001,0.000697,135Xe
135mXe,0.01036,0.00029,135mXe
136Xe,0.0697892,0.00139578,136Xe
137Xe,0.0604133,0.00120827,137Xe
138Xe,0.057019600000000004,0.00159655,138Xe
139Xe,0.0532009,0.00319206,139Xe
140Xe,0.048978100000000004,0.00293868,140Xe
141Xe,0.031908099999999995,0.00191449,141Xe
142Xe,0.015635399999999997,0.00359615,142Xe
143Xe,0.00223205,0.00142851,143Xe
143mXe,0.00215725,0.00138064,143mXe
144Xe,0.00122654,0.000135,144Xe
145Xe,0.00013000000000000002,8.329999999999999e-05,145Xe
146Xe,9.35e-06,5.98e-06,146Xe
147Xe,1.65e-07,1.05e-07,147Xe
148Xe,1.82e-08,1.16e-08,148Xe
149Xe,2.2100000000000003e-11,1.41e-11,149Xe
150Xe,2.8900000000000004e-12,1.85e-12,150Xe
151Xe,4.51e-13,2.89e-13,151Xe
127Cs,0.0,0.0,127Cs
129Cs,0.0,0.0,129Cs
131Cs,0.0,0.0,131Cs
132Cs,2.85e-13,1.8199999999999998e-13,132Cs
133Cs,0.06761030000000001,0.000338,133Cs
134Cs,6.459999999999999e-09,4.13e-09,134Cs
134mCs,3.2299999999999994e-09,2.07e-09,134mCs
135Cs,0.0696762,0.04459280000000001,135Cs
135mCs,1.8600000000000002e-07,1.1900000000000001e-07,135mCs
136Cs,9.6e-06,6.14e-06,136Cs
136mCs,4.8e-06,3.07e-06,136mCs
137Cs,0.0605254,0.000605,137Cs
138Cs,0.0575475,0.00161133,138Cs
138mCs,0.000302,0.000193,138mCs
139Cs,0.056674,0.00453392,139Cs
140Cs,0.0578619,0.00115724,140Cs
141Cs,0.0510905,0.00561996,141Cs
142Cs,0.0385044,0.00616071,142Cs
143Cs,0.0282157,0.00648961,143Cs
144Cs,0.0185956,0.00427698,144Cs
145Cs,0.00568631,0.00363924,145Cs
146Cs,0.00118039,0.000755,146Cs
147Cs,0.000144,9.209999999999999e-05,147Cs
148Cs,2.46e-05,1.57e-05,148Cs
149Cs,4.25e-07,2.72e-07,149Cs
150Cs,4.8099999999999994e-08,3.08e-08,150Cs
151Cs,8.69e-09,5.560000000000001e-09,151Cs
152Cs,5.65e-12,3.6200000000000003e-12,152Cs
153Cs,3.04e-13,1.9399999999999998e-13,153Cs
129Ba,0.0,0.0,129Ba
131Ba,0.0,0.0,131Ba
132Ba,0.0,0.0,132Ba
133Ba,0.0,0.0,133Ba
134Ba,6.459999999999999e-09,4.13e-09,134Ba
135Ba,0.0696762,0.04459280000000001,135Ba
135mBa,1.13e-11,7.2300000000000005e-12,135mBa
136Ba,9.6e-06,6.14e-06,136Ba
136mBa,1.08e-06,6.890000000000001e-07,136mBa
137Ba,0.0605255,0.000424,137Ba
137mBa,0.057257100000000005,0.000573,137mBa
138Ba,0.0576249,0.000807,138Ba
139Ba,0.056701800000000004,0.00113404,139Ba
140Ba,0.058152300000000004,0.000407,140Ba
141Ba,0.053361,0.00320166,141Ba
142Ba,0.0458054,0.00183221,142Ba
143Ba,0.0457719,0.00274632,143Ba
144Ba,0.0433522,0.00476874,144Ba
145Ba,0.0308738,0.00710099,145Ba
146Ba,0.0208696,0.00480002,146Ba
147Ba,0.00844944,0.00380225,147Ba
148Ba,0.00251511,0.00160967,148Ba
149Ba,0.00047300000000000006,0.000303,149Ba
150Ba,5.44e-05,3.48e-05,150Ba
151Ba,9.66e-06,6.18e-06,151Ba
152Ba,1.5e-07,9.6e-08,152Ba
153Ba,7.43e-09,4.7499999999999995e-09,153Ba
154Ba,7.109999999999999e-11,4.5500000000000004e-11,154Ba
155Ba,3.96e-13,2.5300000000000003e-13,155Ba
156Ba,2.55e-14,1.63e-14,156Ba
133La,0.0,0.0,133La
135La,0.0,0.0,135La
137La,2.45e-12,1.57e-12,137La
138La,1.76e-10,1.13e-10,138La
139La,0.056701800000000004,0.000567,139La
140La,0.058152499999999996,0.000407,140La
141La,0.0533654,0.00213462,141La
142La,0.045857999999999996,0.000917,142La
143La,0.04622,0.00129416,143La
144La,0.0454654,0.00127303,144La
145La,0.0379626,0.00227776,145La
146La,0.0272267,0.0174251,146La
146mLa,0.00635709,0.00406854,146mLa
147La,0.0232588,0.0037213999999999997,147La
148La,0.013416599999999999,0.00603745,148La
149La,0.0071167,0.00320251,149La
150La,0.00218818,0.00140044,150La
151La,0.00044800000000000005,0.00028700000000000004,151La
152La,5.8299999999999994e-05,3.73e-05,152La
153La,6.5e-06,4.16e-06,153La
154La,2.8300000000000003e-07,1.8100000000000002e-07,154La
155La,7.62e-09,4.870000000000001e-09,155La
156La,4.52e-10,2.89e-10,156La
157La,8.95e-13,5.73e-13,157La
158La,1.88e-14,1.2e-14,158La
159La,1.02e-15,6.51e-16,159La
135Ce,0.0,0.0,135Ce
137Ce,0.0,0.0,137Ce
138Ce,5.289999999999999e-11,3.39e-11,138Ce
139Ce,1.3800000000000002e-13,8.83e-14,139Ce
139mCe,1.02e-13,6.53e-14,139mCe
140Ce,0.058152499999999996,0.000407,140Ce
141Ce,0.0533654,0.00149423,141Ce
142Ce,0.045857999999999996,0.000459,142Ce
143Ce,0.0462209,0.000647,143Ce
144Ce,0.0454797,0.000637,144Ce
145Ce,0.03809,0.00106652,145Ce
146Ce,0.0344544,0.000965,146Ce
147Ce,0.0259025,0.00155415,147Ce
148Ce,0.0209496,0.000587,148Ce
149Ce,0.015477600000000001,0.00247641,149Ce
150Ce,0.0107838,0.00248027,150Ce
151Ce,0.00500755,0.00320483,151Ce
152Ce,0.00190286,0.00121783,152Ce
153Ce,0.0005639999999999999,0.000361,153Ce
154Ce,8.03e-05,5.14e-05,154Ce
155Ce,8.47e-06,5.42e-06,155Ce
156Ce,5.45e-07,3.4899999999999996e-07,156Ce
157Ce,2.19e-08,1.4e-08,157Ce
158Ce,4.979999999999999e-10,3.19e-10,158Ce
159Ce,2.49e-11,1.59e-11,159Ce
160Ce,6.06e-14,3.88e-14,160Ce
161Ce,8.130000000000001e-16,5.2e-16,161Ce
139Pr,0.0,0.0,139Pr
140Pr,0.0,0.0,140Pr
141Pr,0.0533654,0.00106731,141Pr
142Pr,7.46e-13,4.77e-13,142Pr
142mPr,3.73e-13,2.39e-13,142mPr
143Pr,0.0462209,0.000462,143Pr
144Pr,0.0454796,0.000455,144Pr
144mPr,0.000227,3.18e-06,144mPr
145Pr,0.0380901,0.000533,145Pr
146Pr,0.0344565,0.000482,146Pr
147Pr,0.025927299999999997,0.000726,147Pr
148Pr,0.0210371,0.0134638,148Pr
148mPr,8.75e-05,5.6000000000000006e-05,148mPr
149Pr,0.0162479,0.00129983,149Pr
150Pr,0.012692,0.000254,150Pr
151Pr,0.00781513,0.000625,151Pr
152Pr,0.00476066,0.00109495,152Pr
153Pr,0.00300565,0.00135254,153Pr
154Pr,0.000962,0.000616,154Pr
155Pr,0.000305,0.000195,155Pr
156Pr,5.3e-05,3.39e-05,156Pr
157Pr,7.07e-06,4.52e-06,157Pr
158Pr,4.66e-07,2.98e-07,158Pr
159Pr,2.18e-08,1.4e-08,159Pr
160Pr,5.76e-10,3.69e-10,160Pr
161Pr,1.56e-11,1.0000000000000001e-11,161Pr
162Pr,1.67e-14,1.07e-14,162Pr
163Pr,6.37e-16,4.08e-16,163Pr
164Pr,1.46e-17,9.36e-18,164Pr
140Nd,0.0,0.0,140Nd
141Nd,0.0,0.0,141Nd
142Nd,7.46e-13,4.77e-13,142Nd
143Nd,0.0462209,0.000324,143Nd
144Nd,0.0454797,0.00031800000000000003,144Nd
145Nd,0.0380901,0.000267,145Nd
146Nd,0.0344565,0.000241,146Nd
147Nd,0.0259274,0.000363,147Nd
148Nd,0.021125,0.000148,148Nd
149Nd,0.0162529,0.00065,149Nd
150Nd,0.0127346,0.000127,150Nd
151Nd,0.00799354,0.00032,151Nd
152Nd,0.00529804,0.000212,152Nd
153Nd,0.00411929,0.00033,153Nd
154Nd,0.00208729,0.000167,154Nd
155Nd,0.00122673,0.000785,155Nd
156Nd,0.000522,0.000334,156Nd
157Nd,0.000168,0.00010700000000000001,157Nd
158Nd,3.39e-05,2.17e-05,158Nd
159Nd,4.39e-06,2.81e-06,159Nd
160Nd,3.7700000000000005e-07,2.41e-07,160Nd
161Nd,1.74e-08,1.1100000000000002e-08,161Nd
162Nd,4.4299999999999997e-10,2.84e-10,162Nd
163Nd,1.56e-11,9.979999999999999e-12,163Nd
164Nd,3.8799999999999996e-13,2.48e-13,164Nd
165Nd,1.84e-15,1.18e-15,165Nd
166Nd,8.17e-17,5.23e-17,166Nd
167Nd,6.16e-18,3.95e-18,167Nd
141Pm,0.0,0.0,141Pm
143Pm,0.0,0.0,143Pm
144Pm,0.0,0.0,144Pm
145Pm,0.0,0.0,145Pm
146Pm,0.0,0.0,146Pm
147Pm,0.0259274,0.000259,147Pm
148Pm,6.889999999999999e-12,4.410000000000001e-12,148Pm
148mPm,1.6600000000000003e-11,1.06e-11,148mPm
149Pm,0.0162529,0.000325,149Pm
150Pm,3.2900000000000003e-08,2.11e-08,150Pm
151Pm,0.00799402,0.00016,151Pm
152Pm,0.00529946,0.000106,152Pm
152mPm,1.42e-06,9.090000000000001e-07,152mPm
152nPm,1.42e-06,9.090000000000001e-07,152nPm
153Pm,0.00414785,0.000166,153Pm
154Pm,0.00212483,5.9499999999999996e-05,154Pm
154mPm,3.75e-05,2.4e-05,154mPm
155Pm,0.00141203,0.0006349999999999999,155Pm
156Pm,0.0007480000000000001,5.99e-05,156Pm
157Pm,0.000384,0.000246,157Pm
158Pm,0.00014199999999999998,9.059999999999999e-05,158Pm
159Pm,4.54e-05,2.8999999999999997e-05,159Pm
160Pm,9.32e-06,5.96e-06,160Pm
161Pm,1.3e-06,8.32e-07,161Pm
162Pm,9.22e-08,5.9000000000000006e-08,162Pm
163Pm,1.06e-08,6.779999999999999e-09,163Pm
164Pm,7.580000000000001e-10,4.85e-10,164Pm
165Pm,3.5399999999999995e-11,2.27e-11,165Pm
166Pm,1.45e-12,9.290000000000002e-13,166Pm
167Pm,1.1900000000000002e-13,7.6e-14,167Pm
168Pm,2.4e-16,1.53e-16,168Pm
169Pm,1.1e-17,7.049999999999999e-18,169Pm
143Sm,0.0,0.0,143Sm
143mSm,0.0,0.0,143mSm
144Sm,0.0,0.0,144Sm
145Sm,0.0,0.0,145Sm
146Sm,0.0,0.0,146Sm
147Sm,0.0259274,0.000181,147Sm
148Sm,2.27e-11,1.02e-11,148Sm
149Sm,0.0162529,0.00016299999999999998,149Sm
150Sm,3.2900000000000003e-08,2.11e-08,150Sm
151Sm,0.00799402,0.00011200000000000001,151Sm
152Sm,0.0053023,5.3e-05,152Sm
153Sm,0.0041478999999999995,8.3e-05,153Sm
154Sm,0.00216282,2.1600000000000003e-05,154Sm
155Sm,0.00141516,0.000453,155Sm
156Sm,0.0007599999999999999,3.04e-05,156Sm
157Sm,0.000414,0.00018600000000000002,157Sm
158Sm,0.000184,8.28e-05,158Sm
159Sm,8.4e-05,3.78e-05,159Sm
160Sm,3.2200000000000003e-05,2.0600000000000003e-05,160Sm
161Sm,9.04e-06,5.79e-06,161Sm
162Sm,1.73e-06,1.11e-06,162Sm
163Sm,4.970000000000001e-07,3.18e-07,163Sm
164Sm,1.1e-07,7.04e-08,164Sm
165Sm,1.4499999999999999e-08,9.28e-09,165Sm
166Sm,1.75e-09,1.1199999999999999e-09,166Sm
167Sm,1.32e-10,8.449999999999999e-11,167Sm
168Sm,6.36e-12,4.07e-12,168Sm
169Sm,2.7e-13,1.73e-13,169Sm
170Sm,0.0,0.0,170Sm
171Sm,1.6e-17,1.02e-17,171Sm
172Sm,3.8e-18,2.4299999999999998e-18,172Sm
147Eu,0.0,0.0,147Eu
149Eu,0.0,0.0,149Eu
151Eu,0.00799402,7.99e-05,151Eu
152Eu,2.19e-14,1.4e-14,152Eu
152mEu,2.19e-14,1.4e-14,152mEu
152nEu,1.46e-14,9.340000000000001e-15,152nEu
153Eu,0.0041478999999999995,8.3e-05,153Eu
154Eu,8.25e-11,5.28e-11,154Eu
154mEu,4.13e-11,2.64e-11,154mEu
155Eu,0.00141516,0.000226,155Eu
156Eu,0.0007599999999999999,1.52e-05,156Eu
157Eu,0.000414,0.000132,157Eu
158Eu,0.000185,5.920000000000001e-05,158Eu
159Eu,8.62e-05,2.7600000000000003e-05,159Eu
160Eu,3.54e-05,1.59e-05,160Eu
161Eu,1.21e-05,1.33e-06,161Eu
162Eu,3.24e-06,2.07e-06,162Eu
163Eu,1.72e-06,1.1e-06,163Eu
164Eu,7.609999999999999e-07,4.870000000000001e-07,164Eu
165Eu,2.74e-07,1.75e-07,165Eu
166Eu,8.339999999999999e-08,5.34e-08,166Eu
167Eu,2.0299999999999996e-08,1.3e-08,167Eu
168Eu,2.7100000000000004e-09,1.7300000000000002e-09,168Eu
169Eu,2.36e-10,1.51e-10,169Eu
170Eu,1.16e-11,7.42e-12,170Eu
171Eu,3.07e-13,1.9699999999999997e-13,171Eu
172Eu,6.74e-14,4.32e-14,172Eu
147Gd,0.0,0.0,147Gd
149Gd,0.0,0.0,149Gd
151Gd,0.0,0.0,151Gd
152Gd,2.3e-14,1.47e-14,152Gd
153Gd,0.0,0.0,153Gd
154Gd,8.25e-11,5.28e-11,154Gd
155Gd,0.00141516,0.000156,155Gd
156Gd,0.0007599999999999999,1.52e-05,156Gd
157Gd,0.000414,6.620000000000001e-05,157Gd
158Gd,0.000185,2.9600000000000005e-05,158Gd
159Gd,8.62e-05,1.3800000000000002e-05,159Gd
160Gd,3.54e-05,8.15e-06,160Gd
161Gd,1.22e-05,7.29e-07,161Gd
162Gd,3.4e-06,1.53e-06,162Gd
163Gd,2.04e-06,9.179999999999999e-07,163Gd
164Gd,1.23e-06,7.87e-07,164Gd
165Gd,7.179999999999999e-07,4.6e-07,165Gd
166Gd,4.66e-07,2.98e-07,166Gd
167Gd,2.5399999999999997e-07,1.6300000000000002e-07,167Gd
168Gd,9.59e-08,6.14e-08,168Gd
169Gd,2.17e-08,1.3899999999999999e-08,169Gd
170Gd,3.4899999999999997e-09,2.23e-09,170Gd
171Gd,3.42e-10,2.19e-10,171Gd
172Gd,8.13e-11,5.1999999999999995e-11,172Gd
151Tb,0.0,0.0,151Tb
153Tb,0.0,0.0,153Tb
155Tb,0.0,0.0,155Tb
156Tb,0.0,0.0,156Tb
156mTb,0.0,0.0,156mTb
157Tb,0.0,0.0,157Tb
158Tb,4.81e-14,3.08e-14,158Tb
158mTb,0.0,0.0,158mTb
159Tb,8.62e-05,1.3800000000000002e-05,159Tb
160Tb,1.8899999999999997e-11,1.2099999999999999e-11,160Tb
161Tb,1.22e-05,3.4e-07,161Tb
162Tb,3.33e-06,1.5e-06,162Tb
162mTb,6.84e-08,3.08e-08,162mTb
163Tb,2.04e-06,9.179999999999999e-07,163Tb
164Tb,1.25e-06,5.629999999999999e-07,164Tb
165Tb,7.66e-07,4.9e-07,165Tb
166Tb,5.64e-07,3.61e-07,166Tb
167Tb,4.2299999999999996e-07,1.9e-07,167Tb
168Tb,2.52e-07,1.6100000000000003e-07,168Tb
169Tb,1.2099999999999998e-07,7.74e-08,169Tb
170Tb,4.4000000000000004e-08,2.8199999999999998e-08,170Tb
171Tb,1.23e-08,7.87e-09,171Tb
172Tb,7.68e-09,4.92e-09,172Tb
155Dy,0.0,0.0,155Dy
156Dy,0.0,0.0,156Dy
157Dy,0.0,0.0,157Dy
158Dy,0.0,0.0,158Dy
159Dy,0.0,0.0,159Dy
160Dy,1.8899999999999997e-11,1.2099999999999999e-11,160Dy
161Dy,1.22e-05,3.4e-07,161Dy
162Dy,3.4e-06,1.09e-06,162Dy
163Dy,2.04e-06,6.529999999999999e-07,163Dy
164Dy,1.25e-06,4e-07,164Dy
165Dy,7.57e-07,2.4199999999999997e-07,165Dy
165mDy,3.83e-07,1.72e-07,165mDy
166Dy,5.67e-07,2.55e-07,166Dy
167Dy,4.35e-07,1.3900000000000001e-07,167Dy
168Dy,2.8300000000000003e-07,1.2699999999999999e-07,168Dy
169Dy,1.69e-07,7.61e-08,169Dy
170Dy,9.82e-08,6.28e-08,170Dy
171Dy,4.95e-08,3.17e-08,171Dy
172Dy,7.38e-08,4.72e-08,172Dy
159Ho,0.0,0.0,159Ho
159mHo,0.0,0.0,159mHo
161Ho,0.0,0.0,161Ho
161mHo,0.0,0.0,161mHo
162Ho,0.0,0.0,162Ho
162mHo,0.0,0.0,162mHo
163Ho,0.0,0.0,163Ho
163mHo,0.0,0.0,163mHo
164Ho,0.0,0.0,164Ho
164mHo,0.0,0.0,164mHo
165Ho,7.66e-07,1.7600000000000001e-07,165Ho
166Ho,5.67e-07,2.55e-07,166Ho
166mHo,1.77e-12,1.13e-12,166mHo
167Ho,4.35e-07,1e-07,167Ho
168Ho,2.84e-07,1.28e-07,168Ho
169Ho,1.7e-07,7.65e-08,169Ho
170Ho,1e-07,4.5e-08,170Ho
170mHo,1.9100000000000002e-09,1.22e-09,170mHo
171Ho,5.7e-08,2.57e-08,171Ho
172Ho,1.05e-07,4.7300000000000007e-08,172Ho
161Er,0.0,0.0,161Er
162Er,0.0,0.0,162Er
163Er,0.0,0.0,163Er
164Er,0.0,0.0,164Er
165Er,0.0,0.0,165Er
166Er,5.67e-07,1.8100000000000002e-07,166Er
167Er,4.35e-07,6.96e-08,167Er
167mEr,4.35e-08,1e-08,167mEr
168Er,2.84e-07,9.09e-08,168Er
169Er,1.7e-07,7.65e-08,169Er
170Er,1.0199999999999999e-07,3.26e-08,170Er
171Er,5.7199999999999996e-08,1.8300000000000002e-08,171Er
172Er,1.0699999999999999e-07,3.42e-08,172Er
165Tm,0.0,0.0,165Tm
166Tm,0.0,0.0,166Tm
167Tm,0.0,0.0,167Tm
168Tm,0.0,0.0,168Tm
169Tm,1.7e-07,5.4400000000000004e-08,169Tm
170Tm,0.0,0.0,170Tm
171Tm,5.7199999999999996e-08,1.8300000000000002e-08,171Tm
172Tm,1.0699999999999999e-07,3.42e-08,172Tm
166Yb,0.0,0.0,166Yb
167Yb,0.0,0.0,167Yb
168Yb,0.0,0.0,168Yb
169Yb,0.0,0.0,169Yb
169mYb,0.0,0.0,169mYb
170Yb,0.0,0.0,170Yb
171Yb,5.7199999999999996e-08,1.8300000000000002e-08,171Yb
172Yb,1.0699999999999999e-07,3.42e-08,172Yb
169Lu,0.0,0.0,169Lu
169mLu,0.0,0.0,169mLu
171Lu,0.0,0.0,171Lu
171mLu,0.0,0.0,171mLu
172Lu,0.0,0.0,172Lu
172mLu,0.0,0.0,172mLu
171Hf,0.0,0.0,171Hf
172Hf,0.0,0.0,172Hf
